Invoice ID,Branch,City,Customer type,Gender,Product line,Unit price,Quantity,Tax 5%,Total,Date,Time,Payment,cogs,gross margin percentage,gross income,Rating
346-84-3103,B,Mandalay,Member,Female,Electronic accessories,13.22,5,3.305,69.405,19-02-19,19:26,Cash,66.1,4.761904762,3.305,4.3
478-06-7835,A,Yangon,Normal,Male,Fashion accessories,89.69,1,4.4845,94.1745,28-02-19,11:20,Ewallet,89.69,4.761904762,4.4845,4.9
540-11-4336,A,Yangon,Normal,Male,Food and beverages,24.94,9,11.223,235.683,23-02-19,16:49,Credit card,224.46,4.761904762,11.223,5.6
448-81-5016,A,Yangon,Normal,Male,Health and beauty,59.77,2,5.977,125.517,01-02-19,12:01,Credit card,119.54,4.761904762,5.977,5.8
142-72-4741,C,Naypyitaw,Member,Male,Fashion accessories,93.2,2,9.32,195.72,08-02-19,18:37,Credit card,186.4,4.761904762,9.32,6
217-58-1179,A,Yangon,Member,Male,Home and lifestyle,62.65,4,12.53,263.13,11-02-19,11:25,Cash,250.6,4.761904762,12.53,4.2
376-02-8238,B,Mandalay,Normal,Male,Home and lifestyle,93.87,8,37.548,788.508,25-02-19,18:42,Credit card,750.96,4.761904762,37.548,8.3
530-90-9855,A,Yangon,Member,Male,Home and lifestyle,47.59,8,19.036,399.756,02-02-19,14:47,Cash,380.72,4.761904762,19.036,5.7
866-05-7563,B,Mandalay,Member,Female,Electronic accessories,81.4,3,12.21,256.41,08-02-19,19:43,Cash,244.2,4.761904762,12.21,4.8
604-70-6476,A,Yangon,Member,Male,Fashion accessories,17.94,5,4.485,94.185,24-02-19,14:04,Ewallet,89.7,4.761904762,4.485,6.8
799-71-1548,A,Yangon,Member,Male,Electronic accessories,77.72,4,15.544,326.424,22-02-19,16:11,Credit card,310.88,4.761904762,15.544,8.8
785-13-7708,B,Mandalay,Normal,Male,Food and beverages,73.06,7,25.571,536.991,22-02-19,19:06,Credit card,511.42,4.761904762,25.571,4.2
845-51-0542,B,Mandalay,Member,Male,Food and beverages,46.55,9,20.9475,439.8975,27-02-19,15:34,Ewallet,418.95,4.761904762,20.9475,6.4
662-47-5456,C,Naypyitaw,Member,Male,Fashion accessories,35.19,10,17.595,369.495,23-02-19,19:06,Credit card,351.9,4.761904762,17.595,8.4
883-17-4236,C,Naypyitaw,Normal,Female,Sports and travel,14.39,2,1.439,30.219,22-02-19,19:44,Credit card,28.78,4.761904762,1.439,7.2
290-68-2984,A,Yangon,Normal,Male,Home and lifestyle,23.75,4,4.75,99.75,28-02-19,11:22,Cash,95,4.761904762,4.75,5.2
704-11-6354,A,Yangon,Member,Male,Home and lifestyle,58.9,8,23.56,494.76,09-02-19,11:23,Cash,471.2,4.761904762,23.56,8.9
110-48-7033,B,Mandalay,Member,Male,Fashion accessories,32.62,4,6.524,137.004,24-02-19,14:12,Cash,130.48,4.761904762,6.524,9
366-93-0948,A,Yangon,Member,Male,Electronic accessories,66.35,1,3.3175,69.6675,28-02-19,10:46,Credit card,66.35,4.761904762,3.3175,9.7
729-09-9681,A,Yangon,Member,Male,Home and lifestyle,25.91,6,7.773,163.233,07-02-19,10:16,Ewallet,155.46,4.761904762,7.773,8.7
151-16-1484,A,Yangon,Member,Male,Electronic accessories,32.25,4,6.45,135.45,14-02-19,12:38,Ewallet,129,4.761904762,6.45,6.5
380-94-4661,C,Naypyitaw,Member,Male,Electronic accessories,65.94,4,13.188,276.948,19-02-19,13:05,Credit card,263.76,4.761904762,13.188,6.9
850-41-9669,A,Yangon,Normal,Female,Electronic accessories,75.06,9,33.777,709.317,10-02-19,13:25,Ewallet,675.54,4.761904762,33.777,6.2
821-07-3596,C,Naypyitaw,Normal,Female,Fashion accessories,16.45,4,3.29,69.09,23-02-19,14:53,Ewallet,65.8,4.761904762,3.29,5.6
655-85-5130,B,Mandalay,Member,Female,Fashion accessories,38.3,4,7.66,160.86,28-02-19,19:22,Cash,153.2,4.761904762,7.66,5.7
447-15-7839,A,Yangon,Member,Female,Sports and travel,22.24,10,11.12,233.52,01-02-19,11:00,Cash,222.4,4.761904762,11.12,4.2
154-74-7179,B,Mandalay,Normal,Male,Sports and travel,54.45,1,2.7225,57.1725,07-02-19,19:24,Ewallet,54.45,4.761904762,2.7225,7.9
253-12-6086,A,Yangon,Member,Female,Sports and travel,98.4,7,34.44,723.24,03-02-19,12:43,Credit card,688.8,4.761904762,34.44,8.7
808-65-0703,C,Naypyitaw,Normal,Male,Home and lifestyle,35.47,4,7.094,148.974,09-02-19,17:22,Credit card,141.88,4.761904762,7.094,6.9
571-94-0759,B,Mandalay,Member,Female,Food and beverages,74.6,10,37.3,783.3,26-02-19,20:55,Cash,746,4.761904762,37.3,9.5
144-51-6085,A,Yangon,Member,Male,Home and lifestyle,70.74,4,14.148,297.108,02-02-19,16:05,Credit card,282.96,4.761904762,14.148,4.4
731-14-2199,A,Yangon,Member,Female,Home and lifestyle,35.54,10,17.77,373.17,01-02-19,13:34,Ewallet,355.4,4.761904762,17.77,7
783-09-1637,B,Mandalay,Normal,Female,Sports and travel,67.43,5,16.8575,354.0075,19-02-19,18:13,Ewallet,337.15,4.761904762,16.8575,6.3
687-15-1097,C,Naypyitaw,Member,Female,Health and beauty,21.12,2,2.112,44.352,08-02-19,19:17,Cash,42.24,4.761904762,2.112,9.7
126-54-1082,A,Yangon,Member,Female,Home and lifestyle,21.54,9,9.693,203.553,13-02-19,11:44,Credit card,193.86,4.761904762,9.693,8.8
633-91-1052,A,Yangon,Normal,Female,Home and lifestyle,12.03,2,1.203,25.263,05-02-19,15:51,Cash,24.06,4.761904762,1.203,5.1
477-24-6490,B,Mandalay,Normal,Female,Health and beauty,99.71,6,29.913,628.173,22-02-19,16:52,Ewallet,598.26,4.761904762,29.913,7.9
566-19-5475,B,Mandalay,Normal,Male,Fashion accessories,47.97,7,16.7895,352.5795,09-02-19,20:52,Cash,335.79,4.761904762,16.7895,6.2
526-86-8552,C,Naypyitaw,Member,Female,Home and lifestyle,21.82,10,10.91,229.11,07-02-19,17:36,Cash,218.2,4.761904762,10.91,7.1
376-56-3573,C,Naypyitaw,Normal,Female,Fashion accessories,95.42,4,19.084,400.764,16-02-19,13:23,Ewallet,381.68,4.761904762,19.084,6.4
537-72-0426,C,Naypyitaw,Member,Male,Fashion accessories,70.99,10,35.495,745.395,11-02-19,16:28,Cash,709.9,4.761904762,35.495,5.7
828-61-5674,A,Yangon,Member,Male,Sports and travel,44.02,10,22.01,462.21,27-02-19,19:57,Credit card,440.2,4.761904762,22.01,9.6
136-08-6195,A,Yangon,Normal,Female,Home and lifestyle,69.96,8,27.984,587.664,18-02-19,17:01,Credit card,559.68,4.761904762,27.984,6.4
523-38-0215,C,Naypyitaw,Normal,Male,Home and lifestyle,37,1,1.85,38.85,04-02-19,13:29,Credit card,37,4.761904762,1.85,7.9
490-29-1201,A,Yangon,Normal,Female,Sports and travel,15.34,1,0.767,16.107,07-02-19,11:09,Cash,15.34,4.761904762,0.767,6.5
667-92-0055,A,Yangon,Member,Male,Health and beauty,99.83,6,29.949,628.929,27-02-19,15:02,Ewallet,598.98,4.761904762,29.949,8.5
565-17-3836,A,Yangon,Member,Female,Health and beauty,47.67,4,9.534,200.214,03-02-19,14:21,Cash,190.68,4.761904762,9.534,9.1
498-41-1961,B,Mandalay,Normal,Male,Health and beauty,66.68,5,16.67,350.07,21-02-19,18:01,Cash,333.4,4.761904762,16.67,7.6
593-95-4461,C,Naypyitaw,Member,Male,Home and lifestyle,74.86,1,3.743,78.603,12-02-19,14:49,Cash,74.86,4.761904762,3.743,6.9
226-71-3580,C,Naypyitaw,Normal,Female,Sports and travel,23.75,9,10.6875,224.4375,15-02-19,12:02,Cash,213.75,4.761904762,10.6875,9.5
283-79-9594,B,Mandalay,Normal,Female,Food and beverages,48.51,7,16.9785,356.5485,14-02-19,13:30,Credit card,339.57,4.761904762,16.9785,5.2
430-60-3493,A,Yangon,Member,Female,Home and lifestyle,94.88,7,33.208,697.368,14-02-19,14:38,Cash,664.16,4.761904762,33.208,4.2
139-20-0155,B,Mandalay,Member,Male,Electronic accessories,40.3,10,20.15,423.15,09-02-19,17:37,Credit card,403,4.761904762,20.15,7
558-80-4082,C,Naypyitaw,Normal,Male,Electronic accessories,27.85,7,9.7475,204.6975,18-02-19,17:20,Ewallet,194.95,4.761904762,9.7475,6
278-97-7759,A,Yangon,Member,Female,Electronic accessories,62.48,1,3.124,65.604,09-02-19,20:29,Cash,62.48,4.761904762,3.124,4.7
316-68-6352,A,Yangon,Member,Female,Food and beverages,36.36,2,3.636,76.356,09-02-19,10:00,Cash,72.72,4.761904762,3.636,7.1
585-03-5943,B,Mandalay,Normal,Male,Health and beauty,18.11,10,9.055,190.155,02-02-19,11:46,Ewallet,181.1,4.761904762,9.055,5.9
211-05-0490,C,Naypyitaw,Member,Female,Electronic accessories,51.92,5,12.98,272.58,28-02-19,13:42,Cash,259.6,4.761904762,12.98,7.5
727-75-6477,C,Naypyitaw,Normal,Male,Electronic accessories,28.84,4,5.768,121.128,17-02-19,14:44,Cash,115.36,4.761904762,5.768,6.4
744-02-5987,A,Yangon,Member,Male,Home and lifestyle,78.38,6,23.514,493.794,19-02-19,14:16,Ewallet,470.28,4.761904762,23.514,5.8
307-83-9164,A,Yangon,Member,Male,Home and lifestyle,60.01,4,12.002,252.042,26-02-19,15:54,Cash,240.04,4.761904762,12.002,4.5
779-06-0012,C,Naypyitaw,Member,Female,Home and lifestyle,88.61,1,4.4305,93.0405,10-02-19,10:21,Cash,88.61,4.761904762,4.4305,7.7
446-47-6729,C,Naypyitaw,Normal,Male,Fashion accessories,99.82,2,9.982,209.622,13-02-19,18:09,Credit card,199.64,4.761904762,9.982,6.7
573-10-3877,B,Mandalay,Member,Male,Health and beauty,39.01,1,1.9505,40.9605,02-02-19,16:46,Credit card,39.01,4.761904762,1.9505,4.7
735-06-4124,C,Naypyitaw,Normal,Male,Food and beverages,48.61,1,2.4305,51.0405,10-02-19,15:31,Cash,48.61,4.761904762,2.4305,4.4
439-54-7422,A,Yangon,Normal,Female,Electronic accessories,51.19,4,10.238,214.998,16-02-19,17:15,Credit card,204.76,4.761904762,10.238,4.7
396-90-2219,B,Mandalay,Normal,Female,Electronic accessories,14.96,8,5.984,125.664,19-02-19,12:29,Cash,119.68,4.761904762,5.984,8.6
411-77-0180,A,Yangon,Member,Male,Electronic accessories,72.2,7,25.27,530.67,24-02-19,20:14,Ewallet,505.4,4.761904762,25.27,4.3
286-01-5402,A,Yangon,Normal,Female,Sports and travel,40.23,7,14.0805,295.6905,04-02-19,13:22,Cash,281.61,4.761904762,14.0805,9.6
803-17-8013,A,Yangon,Member,Female,Home and lifestyle,88.79,8,35.516,745.836,08-02-19,17:09,Cash,710.32,4.761904762,35.516,4.1
512-98-1403,A,Yangon,Member,Female,Electronic accessories,26.48,3,3.972,83.412,17-02-19,10:40,Ewallet,79.44,4.761904762,3.972,4.7
848-42-2560,A,Yangon,Normal,Female,Fashion accessories,81.91,2,8.191,172.011,14-02-19,17:43,Cash,163.82,4.761904762,8.191,7.8
532-59-7201,B,Mandalay,Member,Male,Sports and travel,79.93,6,23.979,503.559,09-02-19,14:04,Cash,479.58,4.761904762,23.979,5.5
181-94-6432,C,Naypyitaw,Member,Male,Fashion accessories,69.33,2,6.933,145.593,26-02-19,19:05,Ewallet,138.66,4.761904762,6.933,9.7
870-76-1733,A,Yangon,Member,Female,Food and beverages,14.23,5,3.5575,74.7075,08-02-19,10:08,Credit card,71.15,4.761904762,3.5575,4.4
423-64-4619,A,Yangon,Member,Female,Health and beauty,15.55,9,6.9975,146.9475,10-02-19,13:12,Cash,139.95,4.761904762,6.9975,5
227-07-4446,C,Naypyitaw,Member,Female,Electronic accessories,78.13,10,39.065,820.365,07-02-19,20:51,Cash,781.3,4.761904762,39.065,4.4
174-36-3675,C,Naypyitaw,Member,Male,Food and beverages,99.37,2,9.937,208.677,11-02-19,17:29,Cash,198.74,4.761904762,9.937,5.2
428-83-5800,C,Naypyitaw,Member,Female,Food and beverages,21.08,3,3.162,66.402,07-02-19,10:25,Cash,63.24,4.761904762,3.162,7.3
603-07-0961,C,Naypyitaw,Member,Male,Electronic accessories,74.79,5,18.6975,392.6475,04-02-19,11:34,Cash,373.95,4.761904762,18.6975,4.9
704-20-4138,C,Naypyitaw,Member,Female,Health and beauty,29.67,7,10.3845,218.0745,21-02-19,18:58,Credit card,207.69,4.761904762,10.3845,8.1
787-15-1757,C,Naypyitaw,Member,Male,Health and beauty,44.07,4,8.814,185.094,18-02-19,16:28,Ewallet,176.28,4.761904762,8.814,8.4
649-11-3678,C,Naypyitaw,Normal,Female,Food and beverages,22.93,9,10.3185,216.6885,20-02-19,20:26,Cash,206.37,4.761904762,10.3185,5.5
622-20-1945,C,Naypyitaw,Normal,Female,Health and beauty,39.42,1,1.971,41.391,17-02-19,15:08,Cash,39.42,4.761904762,1.971,8.4
372-94-8041,A,Yangon,Normal,Male,Health and beauty,15.26,6,4.578,96.138,26-02-19,18:03,Ewallet,91.56,4.761904762,4.578,9.8
563-91-7120,A,Yangon,Normal,Female,Fashion accessories,61.77,5,15.4425,324.2925,27-02-19,13:21,Cash,308.85,4.761904762,15.4425,6.7
746-54-5508,A,Yangon,Normal,Male,Home and lifestyle,21.52,6,6.456,135.576,03-02-19,12:48,Credit card,129.12,4.761904762,6.456,9.4
276-54-0879,B,Mandalay,Normal,Male,Sports and travel,97.74,4,19.548,410.508,04-02-19,19:53,Ewallet,390.96,4.761904762,19.548,6.4
815-11-1168,A,Yangon,Member,Male,Food and beverages,99.78,5,24.945,523.845,21-02-19,19:09,Cash,498.9,4.761904762,24.945,5.4
719-76-3868,C,Naypyitaw,Member,Male,Food and beverages,94.26,4,18.852,395.892,01-02-19,16:30,Cash,377.04,4.761904762,18.852,8.6
730-61-8757,B,Mandalay,Member,Male,Health and beauty,51.13,4,10.226,214.746,14-02-19,10:11,Credit card,204.52,4.761904762,10.226,4
340-66-0321,A,Yangon,Member,Male,Electronic accessories,36.36,4,7.272,152.712,14-02-19,13:07,Cash,145.44,4.761904762,7.272,7.6
868-81-1752,B,Mandalay,Normal,Male,Home and lifestyle,22.02,9,9.909,208.089,20-02-19,18:48,Cash,198.18,4.761904762,9.909,6.8
634-97-8956,A,Yangon,Normal,Male,Food and beverages,32.9,3,4.935,103.635,06-02-19,17:27,Credit card,98.7,4.761904762,4.935,9.1
566-71-1091,A,Yangon,Normal,Male,Fashion accessories,77.02,5,19.255,404.355,06-02-19,15:59,Cash,385.1,4.761904762,19.255,5.5
442-48-3607,A,Yangon,Member,Male,Food and beverages,23.48,2,2.348,49.308,10-02-19,11:21,Credit card,46.96,4.761904762,2.348,7.9
835-16-0096,C,Naypyitaw,Member,Male,Sports and travel,14.7,5,3.675,77.175,08-02-19,13:48,Ewallet,73.5,4.761904762,3.675,8.5
527-09-6272,A,Yangon,Member,Female,Electronic accessories,28.45,5,7.1125,149.3625,23-02-19,10:17,Credit card,142.25,4.761904762,7.1125,9.1
898-04-2717,A,Yangon,Normal,Male,Fashion accessories,76.4,9,34.38,721.98,19-02-19,15:49,Ewallet,687.6,4.761904762,34.38,7.5
692-27-8933,B,Mandalay,Normal,Female,Sports and travel,57.95,6,17.385,365.085,21-02-19,13:02,Cash,347.7,4.761904762,17.385,5.2
633-09-3463,C,Naypyitaw,Normal,Female,Electronic accessories,47.65,3,7.1475,150.0975,10-02-19,12:58,Credit card,142.95,4.761904762,7.1475,9.5
374-17-3652,B,Mandalay,Member,Female,Food and beverages,42.82,9,19.269,404.649,05-02-19,15:26,Credit card,385.38,4.761904762,19.269,8.9
378-07-7001,B,Mandalay,Member,Male,Electronic accessories,48.09,3,7.2135,151.4835,10-02-19,18:23,Credit card,144.27,4.761904762,7.2135,7.8
433-75-6987,B,Mandalay,Member,Female,Health and beauty,55.97,7,19.5895,411.3795,16-02-19,19:06,Ewallet,391.79,4.761904762,19.5895,8.9
873-95-4984,B,Mandalay,Member,Female,Health and beauty,76.9,7,26.915,565.215,04-02-19,20:21,Cash,538.3,4.761904762,26.915,7.7
416-13-5917,C,Naypyitaw,Normal,Female,Food and beverages,97.03,5,24.2575,509.4075,07-02-19,16:24,Ewallet,485.15,4.761904762,24.2575,9.3
150-89-8043,A,Yangon,Normal,Male,Sports and travel,44.65,3,6.6975,140.6475,17-02-19,15:04,Cash,133.95,4.761904762,6.6975,6.2
135-84-8019,A,Yangon,Normal,Female,Fashion accessories,77.93,9,35.0685,736.4385,03-02-19,16:10,Ewallet,701.37,4.761904762,35.0685,7.6
441-94-7118,A,Yangon,Member,Male,Electronic accessories,71.95,1,3.5975,75.5475,21-02-19,12:14,Cash,71.95,4.761904762,3.5975,7.3
725-96-3778,C,Naypyitaw,Member,Female,Home and lifestyle,89.25,8,35.7,749.7,23-02-19,10:13,Cash,714,4.761904762,35.7,4.7
531-80-1784,A,Yangon,Normal,Male,Electronic accessories,26.02,7,9.107,191.247,16-02-19,17:38,Cash,182.14,4.761904762,9.107,5.1
400-45-1220,B,Mandalay,Normal,Female,Health and beauty,13.5,10,6.75,141.75,02-02-19,11:06,Credit card,135,4.761904762,6.75,4.8
860-79-0874,C,Naypyitaw,Member,Female,Fashion accessories,99.3,10,49.65,1042.65,12-02-19,14:53,Credit card,993,4.761904762,49.65,6.6
834-61-8124,A,Yangon,Normal,Male,Electronic accessories,51.69,7,18.0915,379.9215,18-02-19,18:22,Cash,361.83,4.761904762,18.0915,5.5
115-99-4379,B,Mandalay,Member,Female,Fashion accessories,54.73,7,19.1555,402.2655,10-02-19,19:02,Credit card,383.11,4.761904762,19.1555,8.5
565-67-6697,B,Mandalay,Member,Male,Home and lifestyle,27,9,12.15,255.15,06-02-19,14:16,Cash,243,4.761904762,12.15,4.8
320-49-6392,C,Naypyitaw,Normal,Female,Electronic accessories,30.24,1,1.512,31.752,08-02-19,15:44,Cash,30.24,4.761904762,1.512,8.4
889-04-9723,B,Mandalay,Member,Female,Food and beverages,89.14,4,17.828,374.388,25-02-19,12:20,Credit card,356.56,4.761904762,17.828,7.8
632-90-0281,C,Naypyitaw,Normal,Female,Fashion accessories,37.55,10,18.775,394.275,27-02-19,20:01,Credit card,375.5,4.761904762,18.775,9.3
554-42-2417,C,Naypyitaw,Normal,Female,Sports and travel,95.44,10,47.72,1002.12,21-02-19,13:45,Cash,954.4,4.761904762,47.72,5.2
453-63-6187,B,Mandalay,Normal,Male,Electronic accessories,27.5,3,4.125,86.625,06-02-19,15:40,Ewallet,82.5,4.761904762,4.125,6.5
578-80-7669,B,Mandalay,Normal,Male,Sports and travel,74.97,1,3.7485,78.7185,21-02-19,16:58,Cash,74.97,4.761904762,3.7485,5.6
612-36-5536,A,Yangon,Member,Male,Food and beverages,80.96,8,32.384,680.064,15-02-19,11:12,Credit card,647.68,4.761904762,32.384,7.4
605-72-4132,C,Naypyitaw,Normal,Female,Food and beverages,94.47,8,37.788,793.548,17-02-19,15:12,Cash,755.76,4.761904762,37.788,9.1
471-41-2823,C,Naypyitaw,Normal,Male,Food and beverages,99.79,2,9.979,209.559,16-02-19,20:37,Ewallet,199.58,4.761904762,9.979,8
462-67-9126,A,Yangon,Normal,Male,Home and lifestyle,73.22,6,21.966,461.286,11-02-19,17:44,Cash,439.32,4.761904762,21.966,7.2
272-27-9238,C,Naypyitaw,Normal,Female,Food and beverages,41.24,4,8.248,173.208,16-02-19,16:23,Cash,164.96,4.761904762,8.248,7.1
834-25-9262,C,Naypyitaw,Normal,Female,Fashion accessories,81.68,4,16.336,343.056,28-02-19,12:12,Cash,326.72,4.761904762,16.336,9.1
122-61-9553,C,Naypyitaw,Normal,Female,Electronic accessories,51.32,9,23.094,484.974,14-02-19,19:33,Cash,461.88,4.761904762,23.094,5.6
468-88-0009,A,Yangon,Member,Male,Home and lifestyle,65.94,4,13.188,276.948,22-02-19,10:29,Cash,263.76,4.761904762,13.188,6
613-59-9758,C,Naypyitaw,Normal,Female,Sports and travel,14.36,10,7.18,150.78,08-02-19,14:28,Cash,143.6,4.761904762,7.18,5.4
254-31-0042,A,Yangon,Member,Male,Electronic accessories,21.5,9,9.675,203.175,01-02-19,12:46,Credit card,193.5,4.761904762,9.675,7.8
201-86-2184,B,Mandalay,Member,Female,Electronic accessories,26.26,7,9.191,193.011,13-02-19,19:40,Cash,183.82,4.761904762,9.191,9.9
261-12-8671,B,Mandalay,Normal,Female,Fashion accessories,60.96,2,6.096,128.016,06-02-19,19:39,Credit card,121.92,4.761904762,6.096,4.9
730-70-9830,C,Naypyitaw,Normal,Female,Home and lifestyle,70.11,6,21.033,441.693,19-02-19,17:54,Ewallet,420.66,4.761904762,21.033,5.2
382-25-8917,C,Naypyitaw,Normal,Male,Fashion accessories,42.08,6,12.624,265.104,25-02-19,12:25,Cash,252.48,4.761904762,12.624,8.9
422-29-8786,A,Yangon,Normal,Female,Home and lifestyle,67.09,5,16.7725,352.2225,19-02-19,16:47,Credit card,335.45,4.761904762,16.7725,9.1
667-23-5919,A,Yangon,Member,Female,Fashion accessories,96.7,5,24.175,507.675,15-02-19,12:52,Ewallet,483.5,4.761904762,24.175,7
843-01-4703,B,Mandalay,Member,Female,Home and lifestyle,35.38,9,15.921,334.341,27-02-19,19:50,Credit card,318.42,4.761904762,15.921,9.6
743-88-1662,C,Naypyitaw,Normal,Male,Sports and travel,95.49,7,33.4215,701.8515,11-02-19,18:17,Ewallet,668.43,4.761904762,33.4215,8.7
595-86-2894,C,Naypyitaw,Member,Male,Fashion accessories,96.98,4,19.396,407.316,17-02-19,17:20,Ewallet,387.92,4.761904762,19.396,9.4
182-69-8360,B,Mandalay,Normal,Female,Electronic accessories,23.65,4,4.73,99.33,03-02-19,13:32,Credit card,94.6,4.761904762,4.73,4
289-15-7034,A,Yangon,Member,Male,Sports and travel,82.33,4,16.466,345.786,28-02-19,10:37,Credit card,329.32,4.761904762,16.466,7.5
462-78-5240,C,Naypyitaw,Normal,Female,Electronic accessories,26.61,2,2.661,55.881,03-02-19,14:35,Cash,53.22,4.761904762,2.661,4.2
868-52-7573,B,Mandalay,Normal,Female,Food and beverages,99.69,5,24.9225,523.3725,07-02-19,12:09,Cash,498.45,4.761904762,24.9225,9.9
153-58-4872,C,Naypyitaw,Member,Female,Food and beverages,74.89,4,14.978,314.538,04-02-19,15:32,Ewallet,299.56,4.761904762,14.978,4.2
662-72-2873,A,Yangon,Normal,Female,Food and beverages,40.94,5,10.235,214.935,07-02-19,13:58,Ewallet,204.7,4.761904762,10.235,9.9
525-88-7307,B,Mandalay,Member,Male,Sports and travel,75.82,1,3.791,79.611,15-02-19,13:19,Cash,75.82,4.761904762,3.791,5.8
689-16-9784,C,Naypyitaw,Normal,Male,Food and beverages,46.77,6,14.031,294.651,06-02-19,13:37,Cash,280.62,4.761904762,14.031,6
725-56-0833,A,Yangon,Normal,Female,Health and beauty,32.32,10,16.16,339.36,09-02-19,16:49,Credit card,323.2,4.761904762,16.16,10
394-41-0748,C,Naypyitaw,Member,Female,Fashion accessories,54.07,9,24.3315,510.9615,06-02-19,14:55,Ewallet,486.63,4.761904762,24.3315,9.5
596-42-3999,B,Mandalay,Normal,Male,Food and beverages,18.22,7,6.377,133.917,12-02-19,14:04,Credit card,127.54,4.761904762,6.377,6.6
541-89-9860,C,Naypyitaw,Member,Female,Fashion accessories,80.48,3,12.072,253.512,19-02-19,12:31,Cash,241.44,4.761904762,12.072,8.1
173-82-9529,B,Mandalay,Normal,Female,Fashion accessories,37.95,10,18.975,398.475,24-02-19,14:51,Cash,379.5,4.761904762,18.975,9.7
563-36-9814,A,Yangon,Member,Male,Electronic accessories,76.82,1,3.841,80.661,04-02-19,18:27,Ewallet,76.82,4.761904762,3.841,7.2
308-47-4913,A,Yangon,Member,Female,Sports and travel,52.26,10,26.13,548.73,14-02-19,12:45,Credit card,522.6,4.761904762,26.13,6.2
885-17-6250,A,Yangon,Normal,Female,Health and beauty,79.74,1,3.987,83.727,02-02-19,10:36,Ewallet,79.74,4.761904762,3.987,7.3
726-27-2396,A,Yangon,Normal,Female,Health and beauty,77.5,5,19.375,406.875,01-02-19,20:36,Ewallet,387.5,4.761904762,19.375,4.3
316-01-3952,A,Yangon,Normal,Female,Food and beverages,54.27,5,13.5675,284.9175,03-02-19,14:16,Ewallet,271.35,4.761904762,13.5675,4.6
760-54-1821,B,Mandalay,Normal,Male,Home and lifestyle,13.59,9,6.1155,128.4255,19-02-19,10:26,Cash,122.31,4.761904762,6.1155,5.8
793-10-3222,B,Mandalay,Member,Female,Health and beauty,41.06,6,12.318,258.678,21-02-19,13:30,Credit card,246.36,4.761904762,12.318,8.3
346-12-3257,B,Mandalay,Member,Male,Electronic accessories,19.24,9,8.658,181.818,25-02-19,16:28,Cash,173.16,4.761904762,8.658,8
110-05-6330,C,Naypyitaw,Normal,Female,Food and beverages,39.43,6,11.829,248.409,27-02-19,20:18,Credit card,236.58,4.761904762,11.829,9.4
651-61-0874,C,Naypyitaw,Normal,Male,Home and lifestyle,46.22,4,9.244,194.124,08-02-19,20:04,Credit card,184.88,4.761904762,9.244,6.2
236-86-3015,C,Naypyitaw,Member,Male,Home and lifestyle,13.98,1,0.699,14.679,19-02-19,13:38,Ewallet,13.98,4.761904762,0.699,9.8
831-64-0259,B,Mandalay,Normal,Female,Fashion accessories,39.75,5,9.9375,208.6875,04-02-19,10:43,Ewallet,198.75,4.761904762,9.9375,9.6
587-03-7455,C,Naypyitaw,Member,Female,Fashion accessories,97.79,7,34.2265,718.7565,07-02-19,17:30,Ewallet,684.53,4.761904762,34.2265,4.9
882-40-4577,A,Yangon,Member,Male,Sports and travel,67.26,4,13.452,282.492,09-02-19,15:28,Credit card,269.04,4.761904762,13.452,8
732-67-5346,A,Yangon,Normal,Male,Food and beverages,13.79,5,3.4475,72.3975,19-02-19,19:07,Credit card,68.95,4.761904762,3.4475,7.8
725-32-9708,B,Mandalay,Member,Female,Fashion accessories,68.71,4,13.742,288.582,27-02-19,19:01,Cash,274.84,4.761904762,13.742,4.1
256-08-8343,A,Yangon,Normal,Female,Home and lifestyle,56.53,4,11.306,237.426,12-02-19,19:48,Ewallet,226.12,4.761904762,11.306,5.5
372-26-1506,C,Naypyitaw,Normal,Female,Fashion accessories,23.82,5,5.955,125.055,20-02-19,19:24,Ewallet,119.1,4.761904762,5.955,5.4
244-08-0162,B,Mandalay,Normal,Female,Health and beauty,34.21,10,17.105,359.205,15-02-19,13:00,Cash,342.1,4.761904762,17.105,5.1
569-71-4390,B,Mandalay,Normal,Male,Sports and travel,21.87,2,2.187,45.927,04-02-19,14:29,Ewallet,43.74,4.761904762,2.187,6.9
132-23-6451,A,Yangon,Member,Male,Health and beauty,20.97,5,5.2425,110.0925,11-02-19,13:21,Cash,104.85,4.761904762,5.2425,7.8
696-90-2548,A,Yangon,Normal,Male,Sports and travel,25.84,3,3.876,81.396,19-02-19,18:55,Ewallet,77.52,4.761904762,3.876,6.6
472-15-9636,A,Yangon,Normal,Male,Home and lifestyle,50.93,8,20.372,427.812,03-02-19,19:36,Ewallet,407.44,4.761904762,20.372,9.2
268-03-6164,B,Mandalay,Normal,Male,Health and beauty,96.11,1,4.8055,100.9155,01-02-19,16:28,Ewallet,96.11,4.761904762,4.8055,7.8
750-57-9686,C,Naypyitaw,Normal,Female,Home and lifestyle,45.38,4,9.076,190.596,26-02-19,13:48,Credit card,181.52,4.761904762,9.076,8.7
186-09-3669,C,Naypyitaw,Member,Female,Health and beauty,81.51,1,4.0755,85.5855,20-02-19,10:57,Ewallet,81.51,4.761904762,4.0755,9.2
848-07-1692,B,Mandalay,Normal,Female,Health and beauty,57.22,2,5.722,120.162,16-02-19,17:13,Ewallet,114.44,4.761904762,5.722,8.3
745-71-3520,A,Yangon,Member,Female,Electronic accessories,25.22,7,8.827,185.367,01-02-19,10:23,Cash,176.54,4.761904762,8.827,8.2
266-76-6436,C,Naypyitaw,Member,Female,Food and beverages,38.6,3,5.79,121.59,07-02-19,13:57,Ewallet,115.8,4.761904762,5.79,7.5
740-22-2500,C,Naypyitaw,Normal,Female,Electronic accessories,84.05,3,12.6075,264.7575,22-02-19,13:29,Cash,252.15,4.761904762,12.6075,9.8
271-88-8734,C,Naypyitaw,Member,Female,Fashion accessories,97.21,10,48.605,1020.705,24-02-19,13:00,Credit card,972.1,4.761904762,48.605,8.7
301-81-8610,B,Mandalay,Member,Male,Fashion accessories,25.42,8,10.168,213.528,17-02-19,19:42,Credit card,203.36,4.761904762,10.168,6.7
489-64-4354,C,Naypyitaw,Normal,Male,Fashion accessories,16.28,1,0.814,17.094,18-02-19,15:36,Cash,16.28,4.761904762,0.814,5
198-84-7132,B,Mandalay,Member,Male,Fashion accessories,40.61,9,18.2745,383.7645,10-02-19,13:40,Cash,365.49,4.761904762,18.2745,7
269-10-8440,A,Yangon,Member,Male,Health and beauty,53.17,7,18.6095,390.7995,08-02-19,18:01,Cash,372.19,4.761904762,18.6095,8.9
650-98-6268,B,Mandalay,Member,Female,Food and beverages,20.87,3,3.1305,65.7405,13-02-19,13:53,Credit card,62.61,4.761904762,3.1305,8
741-73-3559,B,Mandalay,Normal,Male,Sports and travel,67.27,5,16.8175,353.1675,27-02-19,17:27,Cash,336.35,4.761904762,16.8175,6.9
325-77-6186,A,Yangon,Member,Female,Home and lifestyle,90.65,10,45.325,951.825,06-02-19,10:53,Ewallet,906.5,4.761904762,45.325,7.3
286-75-7818,B,Mandalay,Normal,Male,Fashion accessories,69.08,2,6.908,145.068,06-02-19,19:48,Credit card,138.16,4.761904762,6.908,6.9
574-57-9721,C,Naypyitaw,Normal,Male,Food and beverages,43.27,2,4.327,90.867,22-02-19,16:53,Ewallet,86.54,4.761904762,4.327,5.7
459-50-7686,A,Yangon,Normal,Female,Electronic accessories,23.46,6,7.038,147.798,15-02-19,19:14,Ewallet,140.76,4.761904762,7.038,6.4
616-87-0016,B,Mandalay,Normal,Male,Fashion accessories,95.54,7,33.439,702.219,12-02-19,14:36,Credit card,668.78,4.761904762,33.439,9.6
837-55-7229,B,Mandalay,Normal,Female,Fashion accessories,47.44,1,2.372,49.812,24-02-19,18:19,Credit card,47.44,4.761904762,2.372,6.8
751-69-0068,C,Naypyitaw,Normal,Male,Sports and travel,99.24,9,44.658,937.818,25-02-19,19:09,Ewallet,893.16,4.761904762,44.658,9
257-73-1380,C,Naypyitaw,Member,Male,Sports and travel,82.93,4,16.586,348.306,19-02-19,16:51,Ewallet,331.72,4.761904762,16.586,9.6
345-08-4992,A,Yangon,Normal,Male,Home and lifestyle,33.99,6,10.197,214.137,02-02-19,15:37,Credit card,203.94,4.761904762,10.197,7.7
549-96-4200,C,Naypyitaw,Member,Male,Food and beverages,17.04,4,3.408,71.568,03-02-19,20:15,Ewallet,68.16,4.761904762,3.408,7
810-60-6344,C,Naypyitaw,Normal,Female,Electronic accessories,40.86,8,16.344,343.224,18-02-19,14:38,Credit card,326.88,4.761904762,16.344,6.5
450-28-2866,C,Naypyitaw,Member,Male,Food and beverages,17.44,5,4.36,91.56,25-02-19,19:25,Cash,87.2,4.761904762,4.36,8.1
394-30-3170,B,Mandalay,Member,Female,Sports and travel,88.43,8,35.372,742.812,10-02-19,19:35,Credit card,707.44,4.761904762,35.372,4.3
138-17-5109,A,Yangon,Member,Female,Home and lifestyle,89.21,9,40.1445,843.0345,19-02-19,15:42,Credit card,802.89,4.761904762,40.1445,6.5
192-98-7397,C,Naypyitaw,Normal,Male,Fashion accessories,12.78,1,0.639,13.419,19-02-19,14:11,Ewallet,12.78,4.761904762,0.639,9.5
301-11-9629,A,Yangon,Normal,Female,Sports and travel,19.1,7,6.685,140.385,28-02-19,10:43,Cash,133.7,4.761904762,6.685,9.7
390-80-5128,B,Mandalay,Member,Female,Health and beauty,19.15,1,0.9575,20.1075,14-02-19,17:58,Credit card,19.15,4.761904762,0.9575,9.5
235-46-8343,C,Naypyitaw,Member,Male,Food and beverages,27.66,10,13.83,290.43,15-02-19,11:26,Credit card,276.6,4.761904762,13.83,8.9
453-12-7053,C,Naypyitaw,Normal,Male,Fashion accessories,45.74,3,6.861,144.081,22-02-19,17:38,Credit card,137.22,4.761904762,6.861,6.5
296-11-7041,B,Mandalay,Member,Female,Health and beauty,27.07,1,1.3535,28.4235,09-02-19,20:07,Credit card,27.07,4.761904762,1.3535,5.3
449-27-2918,B,Mandalay,Member,Female,Sports and travel,39.12,1,1.956,41.076,20-02-19,11:02,Credit card,39.12,4.761904762,1.956,9.6
891-01-7034,B,Mandalay,Normal,Female,Electronic accessories,74.71,6,22.413,470.673,24-02-19,19:07,Cash,448.26,4.761904762,22.413,6.7
744-09-5786,B,Mandalay,Normal,Male,Electronic accessories,22.01,6,6.603,138.663,04-02-19,18:50,Cash,132.06,4.761904762,6.603,7.6
727-17-0390,A,Yangon,Normal,Female,Food and beverages,63.61,5,15.9025,333.9525,20-02-19,12:43,Ewallet,318.05,4.761904762,15.9025,4.8
568-88-3448,A,Yangon,Normal,Male,Health and beauty,25,1,1.25,26.25,12-02-19,15:09,Ewallet,25,4.761904762,1.25,5.5
187-83-5490,A,Yangon,Member,Male,Electronic accessories,20.77,4,4.154,87.234,01-02-19,13:47,Cash,83.08,4.761904762,4.154,4.7
767-54-1907,B,Mandalay,Member,Female,Fashion accessories,29.56,5,7.39,155.19,15-02-19,16:59,Cash,147.8,4.761904762,7.39,6.9
710-46-4433,B,Mandalay,Member,Female,Food and beverages,77.4,9,34.83,731.43,03-02-19,14:15,Credit card,696.6,4.761904762,34.83,4.5
533-33-5337,B,Mandalay,Normal,Male,Electronic accessories,79.39,10,39.695,833.595,01-02-19,20:24,Cash,793.9,4.761904762,39.695,6.2
325-90-8763,C,Naypyitaw,Member,Female,Electronic accessories,46.57,10,23.285,488.985,17-02-19,13:58,Cash,465.7,4.761904762,23.285,7.6
729-46-7422,C,Naypyitaw,Normal,Male,Food and beverages,35.89,1,1.7945,37.6845,01-02-19,16:52,Credit card,35.89,4.761904762,1.7945,7.9
639-76-1242,C,Naypyitaw,Normal,Male,Food and beverages,40.52,5,10.13,212.73,25-02-19,15:19,Cash,202.6,4.761904762,10.13,4.5
234-03-4040,B,Mandalay,Member,Female,Food and beverages,73.05,10,36.525,767.025,01-02-19,12:25,Credit card,730.5,4.761904762,36.525,8.7
326-71-2155,C,Naypyitaw,Normal,Female,Sports and travel,73.95,4,14.79,310.59,04-02-19,10:02,Cash,295.8,4.761904762,14.79,6.1
320-32-8842,C,Naypyitaw,Member,Female,Food and beverages,22.62,1,1.131,23.751,12-02-19,18:58,Cash,22.62,4.761904762,1.131,6.4
470-32-9057,A,Yangon,Member,Male,Food and beverages,51.34,5,12.835,269.535,09-02-19,15:31,Credit card,256.7,4.761904762,12.835,9.1
878-30-2331,C,Naypyitaw,Member,Female,Sports and travel,54.55,10,27.275,572.775,20-02-19,11:22,Credit card,545.5,4.761904762,27.275,7.1
440-59-5691,C,Naypyitaw,Member,Female,Health and beauty,37.15,7,13.0025,273.0525,08-02-19,13:12,Credit card,260.05,4.761904762,13.0025,7.7
554-53-3790,B,Mandalay,Normal,Male,Sports and travel,37.02,6,11.106,233.226,05-02-19,18:33,Cash,222.12,4.761904762,11.106,4.5
746-19-0921,C,Naypyitaw,Normal,Male,Food and beverages,21.58,1,1.079,22.659,19-02-19,10:02,Ewallet,21.58,4.761904762,1.079,7.2
233-34-0817,C,Naypyitaw,Member,Female,Electronic accessories,98.84,1,4.942,103.782,07-02-19,11:21,Cash,98.84,4.761904762,4.942,8.4
767-05-1286,C,Naypyitaw,Member,Female,Home and lifestyle,83.77,6,25.131,527.751,26-02-19,12:10,Ewallet,502.62,4.761904762,25.131,5.4
340-21-9136,A,Yangon,Member,Female,Sports and travel,40.05,4,8.01,168.21,01-02-19,11:40,Cash,160.2,4.761904762,8.01,9.7
405-31-3305,A,Yangon,Member,Male,Fashion accessories,43.13,10,21.565,452.865,17-02-19,18:31,Credit card,431.3,4.761904762,21.565,5.5
731-59-7531,B,Mandalay,Member,Male,Health and beauty,72.57,8,29.028,609.588,26-02-19,17:58,Cash,580.56,4.761904762,29.028,4.6
676-39-6028,A,Yangon,Member,Female,Electronic accessories,64.44,5,16.11,338.31,24-02-19,17:04,Cash,322.2,4.761904762,16.11,6.6
502-05-1910,A,Yangon,Normal,Male,Health and beauty,65.18,3,9.777,205.317,16-02-19,20:35,Credit card,195.54,4.761904762,9.777,6.3
485-30-8700,A,Yangon,Normal,Female,Sports and travel,33.26,5,8.315,174.615,18-02-19,16:10,Credit card,166.3,4.761904762,8.315,4.2
598-47-9715,C,Naypyitaw,Normal,Male,Electronic accessories,84.07,4,16.814,353.094,01-02-19,16:54,Ewallet,336.28,4.761904762,16.814,4.4
701-69-8742,B,Mandalay,Normal,Male,Sports and travel,34.37,10,17.185,360.885,20-02-19,10:11,Ewallet,343.7,4.761904762,17.185,6.7
575-67-1508,A,Yangon,Normal,Male,Electronic accessories,38.6,1,1.93,40.53,27-02-19,11:26,Ewallet,38.6,4.761904762,1.93,6.7
541-08-3113,C,Naypyitaw,Normal,Male,Food and beverages,65.97,8,26.388,554.148,11-02-19,20:29,Cash,527.76,4.761904762,26.388,8.4
246-11-3901,C,Naypyitaw,Normal,Female,Electronic accessories,32.8,10,16.4,344.4,25-02-19,12:12,Cash,328,4.761904762,16.4,6.2
674-15-9296,A,Yangon,Normal,Male,Sports and travel,37.14,5,9.285,194.985,02-02-19,13:05,Ewallet,185.7,4.761904762,9.285,5
305-18-3552,B,Mandalay,Member,Male,Home and lifestyle,60.38,10,30.19,633.99,10-02-19,16:19,Cash,603.8,4.761904762,30.19,6
493-65-6248,C,Naypyitaw,Member,Female,Sports and travel,36.98,10,18.49,388.29,04-02-19,19:48,Credit card,369.8,4.761904762,18.49,7
438-01-4015,B,Mandalay,Member,Female,Sports and travel,49.49,4,9.898,207.858,15-02-19,15:25,Ewallet,197.96,4.761904762,9.898,6.6
709-58-4068,B,Mandalay,Normal,Female,Fashion accessories,41.09,10,20.545,431.445,16-02-19,14:42,Cash,410.9,4.761904762,20.545,7.3
795-49-7276,A,Yangon,Normal,Male,Fashion accessories,37.15,4,7.43,156.03,01-02-19,18:59,Ewallet,148.6,4.761904762,7.43,8.3
556-72-8512,C,Naypyitaw,Normal,Male,Home and lifestyle,22.96,1,1.148,24.108,15-02-19,20:47,Cash,22.96,4.761904762,1.148,4.3
627-95-3243,B,Mandalay,Member,Female,Home and lifestyle,77.68,9,34.956,734.076,06-02-19,13:21,Ewallet,699.12,4.761904762,34.956,9.8
686-41-0932,B,Mandalay,Normal,Female,Fashion accessories,34.7,2,3.47,72.87,01-02-19,19:48,Ewallet,69.4,4.761904762,3.47,8.2
510-09-5628,A,Yangon,Member,Female,Fashion accessories,19.66,10,9.83,206.43,24-02-19,18:20,Credit card,196.6,4.761904762,9.83,7.2
608-04-3797,B,Mandalay,Member,Female,Health and beauty,25.32,8,10.128,212.688,14-02-19,20:24,Ewallet,202.56,4.761904762,10.128,8.7
148-82-2527,C,Naypyitaw,Member,Female,Home and lifestyle,12.12,10,6.06,127.26,19-02-19,13:44,Credit card,121.2,4.761904762,6.06,8.4
